,Image,Labels
0,train1\Automatic Rifle\Automatic Rifle_10.jpeg,Automatic Rifle
1,train1\Automatic Rifle\Automatic Rifle_100.jpeg,Automatic Rifle
2,train1\Automatic Rifle\Automatic Rifle_11.jpeg,Automatic Rifle
3,train1\Automatic Rifle\Automatic Rifle_12.jpeg,Automatic Rifle
4,train1\Automatic Rifle\Automatic Rifle_13.jpeg,Automatic Rifle
5,train1\Automatic Rifle\Automatic Rifle_14.jpeg,Automatic Rifle
6,train1\Automatic Rifle\Automatic Rifle_15.png,Automatic Rifle
7,train1\Automatic Rifle\Automatic Rifle_16.png,Automatic Rifle
8,train1\Automatic Rifle\Automatic Rifle_17.jpeg,Automatic Rifle
9,train1\Automatic Rifle\Automatic Rifle_18.png,Automatic Rifle
10,train1\Automatic Rifle\Automatic Rifle_19.jpeg,Automatic Rifle
11,train1\Automatic Rifle\Automatic Rifle_20.jpeg,Automatic Rifle
12,train1\Automatic Rifle\Automatic Rifle_21.jpeg,Automatic Rifle
13,train1\Automatic Rifle\Automatic Rifle_22.jpeg,Automatic Rifle
14,train1\Automatic Rifle\Automatic Rifle_23.jpeg,Automatic Rifle
15,train1\Automatic Rifle\Automatic Rifle_24.jpeg,Automatic Rifle
16,train1\Automatic Rifle\Automatic Rifle_25.jpeg,Automatic Rifle
17,train1\Automatic Rifle\Automatic Rifle_26.jpeg,Automatic Rifle
18,train1\Automatic Rifle\Automatic Rifle_27.jpeg,Automatic Rifle
19,train1\Automatic Rifle\Automatic Rifle_28.png,Automatic Rifle
20,train1\Automatic Rifle\Automatic Rifle_29.jpeg,Automatic Rifle
21,train1\Automatic Rifle\Automatic Rifle_3.jpeg,Automatic Rifle
22,train1\Automatic Rifle\Automatic Rifle_32.jpeg,Automatic Rifle
23,train1\Automatic Rifle\Automatic Rifle_33.jpeg,Automatic Rifle
24,train1\Automatic Rifle\Automatic Rifle_34.jpeg,Automatic Rifle
25,train1\Automatic Rifle\Automatic Rifle_35.jpeg,Automatic Rifle
26,train1\Automatic Rifle\Automatic Rifle_37.jpeg,Automatic Rifle
27,train1\Automatic Rifle\Automatic Rifle_38.jpeg,Automatic Rifle
28,train1\Automatic Rifle\Automatic Rifle_39.jpeg,Automatic Rifle
29,train1\Automatic Rifle\Automatic Rifle_4.jpeg,Automatic Rifle
30,train1\Automatic Rifle\Automatic Rifle_40.jpeg,Automatic Rifle
31,train1\Automatic Rifle\Automatic Rifle_41.png,Automatic Rifle
32,train1\Automatic Rifle\Automatic Rifle_42.jpeg,Automatic Rifle
33,train1\Automatic Rifle\Automatic Rifle_43.png,Automatic Rifle
34,train1\Automatic Rifle\Automatic Rifle_44.jpeg,Automatic Rifle
35,train1\Automatic Rifle\Automatic Rifle_45.jpeg,Automatic Rifle
36,train1\Automatic Rifle\Automatic Rifle_46.jpeg,Automatic Rifle
37,train1\Automatic Rifle\Automatic Rifle_47.jpeg,Automatic Rifle
38,train1\Automatic Rifle\Automatic Rifle_48.png,Automatic Rifle
39,train1\Automatic Rifle\Automatic Rifle_49.jpeg,Automatic Rifle
40,train1\Automatic Rifle\Automatic Rifle_5.jpeg,Automatic Rifle
41,train1\Automatic Rifle\Automatic Rifle_50.jpeg,Automatic Rifle
42,train1\Automatic Rifle\Automatic Rifle_51.jpeg,Automatic Rifle
43,train1\Automatic Rifle\Automatic Rifle_52.jpeg,Automatic Rifle
44,train1\Automatic Rifle\Automatic Rifle_53.jpeg,Automatic Rifle
45,train1\Automatic Rifle\Automatic Rifle_54.jpeg,Automatic Rifle
46,train1\Automatic Rifle\Automatic Rifle_55.jpeg,Automatic Rifle
47,train1\Automatic Rifle\Automatic Rifle_56.jpeg,Automatic Rifle
48,train1\Automatic Rifle\Automatic Rifle_57.jpeg,Automatic Rifle
49,train1\Automatic Rifle\Automatic Rifle_6.jpeg,Automatic Rifle
50,train1\Automatic Rifle\Automatic Rifle_61.jpeg,Automatic Rifle
51,train1\Automatic Rifle\Automatic Rifle_62.jpeg,Automatic Rifle
52,train1\Automatic Rifle\Automatic Rifle_63.jpeg,Automatic Rifle
53,train1\Automatic Rifle\Automatic Rifle_64.jpeg,Automatic Rifle
54,train1\Automatic Rifle\Automatic Rifle_65.jpeg,Automatic Rifle
55,train1\Automatic Rifle\Automatic Rifle_66.jpeg,Automatic Rifle
56,train1\Automatic Rifle\Automatic Rifle_67.jpeg,Automatic Rifle
57,train1\Automatic Rifle\Automatic Rifle_68.jpeg,Automatic Rifle
58,train1\Automatic Rifle\Automatic Rifle_69.jpeg,Automatic Rifle
59,train1\Automatic Rifle\Automatic Rifle_7.jpeg,Automatic Rifle
60,train1\Automatic Rifle\Automatic Rifle_70.jpeg,Automatic Rifle
61,train1\Automatic Rifle\Automatic Rifle_71.jpeg,Automatic Rifle
62,train1\Automatic Rifle\Automatic Rifle_72.jpeg,Automatic Rifle
63,train1\Automatic Rifle\Automatic Rifle_74.png,Automatic Rifle
64,train1\Automatic Rifle\Automatic Rifle_75.png,Automatic Rifle
65,train1\Automatic Rifle\Automatic Rifle_77.jpeg,Automatic Rifle
66,train1\Automatic Rifle\Automatic Rifle_78.jpeg,Automatic Rifle
67,train1\Automatic Rifle\Automatic Rifle_79.jpeg,Automatic Rifle
68,train1\Automatic Rifle\Automatic Rifle_80.jpeg,Automatic Rifle
69,train1\Automatic Rifle\Automatic Rifle_81.jpeg,Automatic Rifle
70,train1\Automatic Rifle\Automatic Rifle_85.jpeg,Automatic Rifle
71,train1\Automatic Rifle\Automatic Rifle_9.jpeg,Automatic Rifle
72,train1\Automatic Rifle\Automatic Rifle_93.jpeg,Automatic Rifle
73,train1\Automatic Rifle\Automatic Rifle_99.jpeg,Automatic Rifle
74,train1\Bazooka\Bazooka_10.png,Bazooka
75,train1\Bazooka\Bazooka_100.jpeg,Bazooka
76,train1\Bazooka\Bazooka_11.png,Bazooka
77,train1\Bazooka\Bazooka_12.jpeg,Bazooka
78,train1\Bazooka\Bazooka_13.jpeg,Bazooka
79,train1\Bazooka\Bazooka_14.jpeg,Bazooka
80,train1\Bazooka\Bazooka_15.jpeg,Bazooka
81,train1\Bazooka\Bazooka_17.jpeg,Bazooka
82,train1\Bazooka\Bazooka_18.jpeg,Bazooka
83,train1\Bazooka\Bazooka_19.jpeg,Bazooka
84,train1\Bazooka\Bazooka_20.jpeg,Bazooka
85,train1\Bazooka\Bazooka_21.jpeg,Bazooka
86,train1\Bazooka\Bazooka_24.jpeg,Bazooka
87,train1\Bazooka\Bazooka_26.jpeg,Bazooka
88,train1\Bazooka\Bazooka_3.jpeg,Bazooka
89,train1\Bazooka\Bazooka_30.jpeg,Bazooka
90,train1\Bazooka\Bazooka_32.jpeg,Bazooka
91,train1\Bazooka\Bazooka_33.jpeg,Bazooka
92,train1\Bazooka\Bazooka_34.jpeg,Bazooka
93,train1\Bazooka\Bazooka_37.jpeg,Bazooka
94,train1\Bazooka\Bazooka_39.jpeg,Bazooka
95,train1\Bazooka\Bazooka_4.jpeg,Bazooka
96,train1\Bazooka\Bazooka_40.png,Bazooka
97,train1\Bazooka\Bazooka_42.jpeg,Bazooka
98,train1\Bazooka\Bazooka_43.jpeg,Bazooka
99,train1\Bazooka\Bazooka_44.jpeg,Bazooka
100,train1\Bazooka\Bazooka_45.jpeg,Bazooka
101,train1\Bazooka\Bazooka_47.jpeg,Bazooka
102,train1\Bazooka\Bazooka_49.jpeg,Bazooka
103,train1\Bazooka\Bazooka_5.jpeg,Bazooka
104,train1\Bazooka\Bazooka_50.png,Bazooka
105,train1\Bazooka\Bazooka_51.jpeg,Bazooka
106,train1\Bazooka\Bazooka_53.jpeg,Bazooka
107,train1\Bazooka\Bazooka_55.jpeg,Bazooka
108,train1\Bazooka\Bazooka_57.jpeg,Bazooka
109,train1\Bazooka\Bazooka_58.jpeg,Bazooka
110,train1\Bazooka\Bazooka_59.jpeg,Bazooka
111,train1\Bazooka\Bazooka_6.jpeg,Bazooka
112,train1\Bazooka\Bazooka_60.jpeg,Bazooka
113,train1\Bazooka\Bazooka_61.jpeg,Bazooka
114,train1\Bazooka\Bazooka_66.jpeg,Bazooka
115,train1\Bazooka\Bazooka_67.jpeg,Bazooka
116,train1\Bazooka\Bazooka_68.jpeg,Bazooka
117,train1\Bazooka\Bazooka_69.jpeg,Bazooka
118,train1\Bazooka\Bazooka_7.jpeg,Bazooka
119,train1\Bazooka\Bazooka_70.jpeg,Bazooka
120,train1\Bazooka\Bazooka_71.jpeg,Bazooka
121,train1\Bazooka\Bazooka_72.jpeg,Bazooka
122,train1\Bazooka\Bazooka_73.jpeg,Bazooka
123,train1\Bazooka\Bazooka_74.jpeg,Bazooka
124,train1\Bazooka\Bazooka_75.png,Bazooka
125,train1\Bazooka\Bazooka_76.png,Bazooka
126,train1\Bazooka\Bazooka_77.jpeg,Bazooka
127,train1\Bazooka\Bazooka_78.jpeg,Bazooka
128,train1\Bazooka\Bazooka_79.jpeg,Bazooka
129,train1\Bazooka\Bazooka_8.jpeg,Bazooka
130,train1\Bazooka\Bazooka_80.jpeg,Bazooka
131,train1\Bazooka\Bazooka_81.jpeg,Bazooka
132,train1\Bazooka\Bazooka_82.jpeg,Bazooka
133,train1\Bazooka\Bazooka_83.jpeg,Bazooka
134,train1\Bazooka\Bazooka_84.jpeg,Bazooka
135,train1\Bazooka\Bazooka_85.jpeg,Bazooka
136,train1\Bazooka\Bazooka_86.jpeg,Bazooka
137,train1\Bazooka\Bazooka_87.jpeg,Bazooka
138,train1\Bazooka\Bazooka_96.jpeg,Bazooka
139,train1\Bazooka\Bazooka_98.jpeg,Bazooka
140,train1\Bazooka\Bazooka_99.jpeg,Bazooka
141,train1\Grenade launcher\Grenade Launcher_10.jpeg,Grenade launcher
142,train1\Grenade launcher\Grenade Launcher_100.png,Grenade launcher
143,train1\Grenade launcher\Grenade Launcher_11.jpeg,Grenade launcher
144,train1\Grenade launcher\Grenade Launcher_12.jpeg,Grenade launcher
145,train1\Grenade launcher\Grenade Launcher_13.jpeg,Grenade launcher
146,train1\Grenade launcher\Grenade Launcher_15.png,Grenade launcher
147,train1\Grenade launcher\Grenade Launcher_16.jpeg,Grenade launcher
148,train1\Grenade launcher\Grenade Launcher_17.jpeg,Grenade launcher
149,train1\Grenade launcher\Grenade Launcher_18.jpeg,Grenade launcher
150,train1\Grenade launcher\Grenade Launcher_20.jpeg,Grenade launcher
151,train1\Grenade launcher\Grenade Launcher_21.jpeg,Grenade launcher
152,train1\Grenade launcher\Grenade Launcher_22.jpeg,Grenade launcher
153,train1\Grenade launcher\Grenade Launcher_23.jpeg,Grenade launcher
154,train1\Grenade launcher\Grenade Launcher_24.jpeg,Grenade launcher
155,train1\Grenade launcher\Grenade Launcher_25.jpeg,Grenade launcher
156,train1\Grenade launcher\Grenade Launcher_26.jpeg,Grenade launcher
157,train1\Grenade launcher\Grenade Launcher_27.png,Grenade launcher
158,train1\Grenade launcher\Grenade Launcher_28.jpeg,Grenade launcher
159,train1\Grenade launcher\Grenade Launcher_29.jpeg,Grenade launcher
160,train1\Grenade launcher\Grenade Launcher_3.jpeg,Grenade launcher
161,train1\Grenade launcher\Grenade Launcher_30.jpeg,Grenade launcher
162,train1\Grenade launcher\Grenade Launcher_32.jpeg,Grenade launcher
163,train1\Grenade launcher\Grenade Launcher_33.png,Grenade launcher
164,train1\Grenade launcher\Grenade Launcher_34.jpeg,Grenade launcher
165,train1\Grenade launcher\Grenade Launcher_35.jpeg,Grenade launcher
166,train1\Grenade launcher\Grenade Launcher_36.jpeg,Grenade launcher
167,train1\Grenade launcher\Grenade Launcher_37.png,Grenade launcher
168,train1\Grenade launcher\Grenade Launcher_38.jpeg,Grenade launcher
169,train1\Grenade launcher\Grenade Launcher_39.png,Grenade launcher
170,train1\Grenade launcher\Grenade Launcher_4.jpeg,Grenade launcher
171,train1\Grenade launcher\Grenade Launcher_40.jpeg,Grenade launcher
172,train1\Grenade launcher\Grenade Launcher_41.jpeg,Grenade launcher
173,train1\Grenade launcher\Grenade Launcher_42.jpeg,Grenade launcher
174,train1\Grenade launcher\Grenade Launcher_44.jpeg,Grenade launcher
175,train1\Grenade launcher\Grenade Launcher_45.jpeg,Grenade launcher
176,train1\Grenade launcher\Grenade Launcher_46.jpeg,Grenade launcher
177,train1\Grenade launcher\Grenade Launcher_47.jpeg,Grenade launcher
178,train1\Grenade launcher\Grenade Launcher_48.jpeg,Grenade launcher
179,train1\Grenade launcher\Grenade Launcher_49.jpeg,Grenade launcher
180,train1\Grenade launcher\Grenade Launcher_5.png,Grenade launcher
181,train1\Grenade launcher\Grenade Launcher_50.jpeg,Grenade launcher
182,train1\Grenade launcher\Grenade Launcher_51.jpeg,Grenade launcher
183,train1\Grenade launcher\Grenade Launcher_52.jpeg,Grenade launcher
184,train1\Grenade launcher\Grenade Launcher_56.jpeg,Grenade launcher
185,train1\Grenade launcher\Grenade Launcher_57.jpeg,Grenade launcher
186,train1\Grenade launcher\Grenade Launcher_58.png,Grenade launcher
187,train1\Grenade launcher\Grenade Launcher_59.jpeg,Grenade launcher
188,train1\Grenade launcher\Grenade Launcher_6.jpeg,Grenade launcher
189,train1\Grenade launcher\Grenade Launcher_60.jpeg,Grenade launcher
190,train1\Grenade launcher\Grenade Launcher_61.png,Grenade launcher
191,train1\Grenade launcher\Grenade Launcher_62.jpeg,Grenade launcher
192,train1\Grenade launcher\Grenade Launcher_63.jpeg,Grenade launcher
193,train1\Grenade launcher\Grenade Launcher_64.jpeg,Grenade launcher
194,train1\Grenade launcher\Grenade Launcher_65.jpeg,Grenade launcher
195,train1\Grenade launcher\Grenade Launcher_66.jpeg,Grenade launcher
196,train1\Grenade launcher\Grenade Launcher_67.jpeg,Grenade launcher
197,train1\Grenade launcher\Grenade Launcher_68.jpeg,Grenade launcher
198,train1\Grenade launcher\Grenade Launcher_7.jpeg,Grenade launcher
199,train1\Grenade launcher\Grenade Launcher_70.png,Grenade launcher
200,train1\Grenade launcher\Grenade Launcher_71.jpeg,Grenade launcher
201,train1\Grenade launcher\Grenade Launcher_72.jpeg,Grenade launcher
202,train1\Grenade launcher\Grenade Launcher_73.jpeg,Grenade launcher
203,train1\Grenade launcher\Grenade Launcher_74.jpeg,Grenade launcher
204,train1\Grenade launcher\Grenade Launcher_75.jpeg,Grenade launcher
205,train1\Grenade launcher\Grenade Launcher_76.jpeg,Grenade launcher
206,train1\Grenade launcher\Grenade Launcher_78.jpeg,Grenade launcher
207,train1\Grenade launcher\Grenade Launcher_79.jpeg,Grenade launcher
208,train1\Grenade launcher\Grenade Launcher_8.png,Grenade launcher
209,train1\Grenade launcher\Grenade Launcher_80.jpeg,Grenade launcher
210,train1\Grenade launcher\Grenade Launcher_81.png,Grenade launcher
211,train1\Grenade launcher\Grenade Launcher_82.jpeg,Grenade launcher
212,train1\Grenade launcher\Grenade Launcher_83.jpeg,Grenade launcher
213,train1\Grenade launcher\Grenade Launcher_84.jpeg,Grenade launcher
214,train1\Grenade launcher\Grenade Launcher_85.jpeg,Grenade launcher
215,train1\Grenade launcher\Grenade Launcher_86.jpeg,Grenade launcher
216,train1\Grenade launcher\Grenade Launcher_87.png,Grenade launcher
217,train1\Grenade launcher\Grenade Launcher_88.jpeg,Grenade launcher
218,train1\Grenade launcher\Grenade Launcher_89.jpeg,Grenade launcher
219,train1\Grenade launcher\Grenade Launcher_9.jpeg,Grenade launcher
220,train1\Grenade launcher\Grenade Launcher_90.jpeg,Grenade launcher
221,train1\Grenade launcher\Grenade Launcher_92.jpeg,Grenade launcher
222,train1\Grenade launcher\Grenade Launcher_93.jpeg,Grenade launcher
223,train1\Grenade launcher\Grenade Launcher_94.png,Grenade launcher
224,train1\Grenade launcher\Grenade Launcher_95.jpeg,Grenade launcher
225,train1\Grenade launcher\Grenade Launcher_96.jpeg,Grenade launcher
226,train1\Grenade launcher\Grenade Launcher_97.jpeg,Grenade launcher
227,train1\Grenade launcher\Grenade Launcher_98.jpeg,Grenade launcher
228,train1\Grenade launcher\Grenade Launcher_99.png,Grenade launcher
229,train1\Handgun\Handgun_10.jpeg,Handgun
230,train1\Handgun\Handgun_11.jpeg,Handgun
231,train1\Handgun\Handgun_12.jpeg,Handgun
232,train1\Handgun\Handgun_13.jpeg,Handgun
233,train1\Handgun\Handgun_14.jpeg,Handgun
234,train1\Handgun\Handgun_15.png,Handgun
235,train1\Handgun\Handgun_16.jpeg,Handgun
236,train1\Handgun\Handgun_17.jpeg,Handgun
237,train1\Handgun\Handgun_18.jpeg,Handgun
238,train1\Handgun\Handgun_19.jpeg,Handgun
239,train1\Handgun\Handgun_20.jpeg,Handgun
240,train1\Handgun\Handgun_21.jpeg,Handgun
241,train1\Handgun\Handgun_22.jpeg,Handgun
242,train1\Handgun\Handgun_23.jpeg,Handgun
243,train1\Handgun\Handgun_24.jpeg,Handgun
244,train1\Handgun\Handgun_25.jpeg,Handgun
245,train1\Handgun\Handgun_26.jpeg,Handgun
246,train1\Handgun\Handgun_27.jpeg,Handgun
247,train1\Handgun\Handgun_28.jpeg,Handgun
248,train1\Handgun\Handgun_29.jpeg,Handgun
249,train1\Handgun\Handgun_3.jpeg,Handgun
250,train1\Handgun\Handgun_30.jpeg,Handgun
251,train1\Handgun\Handgun_31.jpeg,Handgun
252,train1\Handgun\Handgun_32.jpeg,Handgun
253,train1\Handgun\Handgun_33.png,Handgun
254,train1\Handgun\Handgun_34.jpeg,Handgun
255,train1\Handgun\Handgun_35.jpeg,Handgun
256,train1\Handgun\Handgun_36.jpeg,Handgun
257,train1\Handgun\Handgun_37.jpeg,Handgun
258,train1\Handgun\Handgun_38.jpeg,Handgun
259,train1\Handgun\Handgun_39.jpeg,Handgun
260,train1\Handgun\Handgun_4.jpeg,Handgun
261,train1\Handgun\Handgun_40.jpeg,Handgun
262,train1\Handgun\Handgun_41.jpeg,Handgun
263,train1\Handgun\Handgun_43.jpeg,Handgun
264,train1\Handgun\Handgun_44.jpeg,Handgun
265,train1\Handgun\Handgun_45.jpeg,Handgun
266,train1\Handgun\Handgun_46.jpeg,Handgun
267,train1\Handgun\Handgun_5.jpeg,Handgun
268,train1\Handgun\Handgun_58.jpeg,Handgun
269,train1\Handgun\Handgun_6.jpeg,Handgun
270,train1\Handgun\Handgun_60.jpeg,Handgun
271,train1\Handgun\Handgun_61.png,Handgun
272,train1\Handgun\Handgun_67.jpeg,Handgun
273,train1\Handgun\Handgun_7.jpeg,Handgun
274,train1\Handgun\Handgun_71.jpeg,Handgun
275,train1\Handgun\Handgun_76.jpeg,Handgun
276,train1\Handgun\Handgun_77.jpeg,Handgun
277,train1\Handgun\Handgun_78.jpeg,Handgun
278,train1\Handgun\Handgun_8.jpeg,Handgun
279,train1\Handgun\Handgun_80.jpeg,Handgun
280,train1\Handgun\Handgun_81.jpeg,Handgun
281,train1\Handgun\Handgun_82.jpeg,Handgun
282,train1\Handgun\Handgun_83.png,Handgun
283,train1\Handgun\Handgun_84.jpeg,Handgun
284,train1\Handgun\Handgun_85.jpeg,Handgun
285,train1\Handgun\Handgun_86.jpeg,Handgun
286,train1\Handgun\Handgun_87.jpeg,Handgun
287,train1\Handgun\Handgun_88.jpeg,Handgun
288,train1\Handgun\Handgun_89.jpeg,Handgun
289,train1\Handgun\Handgun_9.jpeg,Handgun
290,train1\Handgun\Handgun_90.jpeg,Handgun
291,train1\Handgun\Handgun_91.jpeg,Handgun
292,train1\Handgun\Handgun_92.png,Handgun
293,train1\Handgun\Handgun_93.jpeg,Handgun
294,train1\Handgun\Handgun_94.jpeg,Handgun
295,train1\Handgun\Handgun_96.jpeg,Handgun
296,train1\Handgun\Handgun_97.jpeg,Handgun
297,train1\Handgun\Handgun_98.jpeg,Handgun
298,train1\Handgun\Handgun_99.jpeg,Handgun
299,train1\Knife\Knife_10.jpeg,Knife
300,train1\Knife\Knife_11.jpeg,Knife
301,train1\Knife\Knife_12.jpeg,Knife
302,train1\Knife\Knife_13.jpeg,Knife
303,train1\Knife\Knife_14.jpeg,Knife
304,train1\Knife\Knife_15.jpeg,Knife
305,train1\Knife\Knife_16.jpeg,Knife
306,train1\Knife\Knife_18.jpeg,Knife
307,train1\Knife\Knife_19.jpeg,Knife
308,train1\Knife\Knife_20.jpeg,Knife
309,train1\Knife\Knife_23.jpeg,Knife
310,train1\Knife\Knife_24.jpeg,Knife
311,train1\Knife\Knife_25.jpeg,Knife
312,train1\Knife\Knife_26.jpeg,Knife
313,train1\Knife\Knife_27.png,Knife
314,train1\Knife\Knife_28.png,Knife
315,train1\Knife\Knife_3.jpeg,Knife
316,train1\Knife\Knife_30.jpeg,Knife
317,train1\Knife\Knife_31.jpeg,Knife
318,train1\Knife\Knife_33.jpeg,Knife
319,train1\Knife\Knife_34.png,Knife
320,train1\Knife\Knife_35.jpeg,Knife
321,train1\Knife\Knife_36.jpeg,Knife
322,train1\Knife\Knife_38.jpeg,Knife
323,train1\Knife\Knife_39.jpeg,Knife
324,train1\Knife\Knife_4.jpeg,Knife
325,train1\Knife\Knife_40.jpeg,Knife
326,train1\Knife\Knife_41.jpeg,Knife
327,train1\Knife\Knife_42.jpeg,Knife
328,train1\Knife\Knife_44.jpeg,Knife
329,train1\Knife\Knife_45.jpeg,Knife
330,train1\Knife\Knife_46.jpeg,Knife
331,train1\Knife\Knife_47.jpeg,Knife
332,train1\Knife\Knife_48.jpeg,Knife
333,train1\Knife\Knife_49.jpeg,Knife
334,train1\Knife\Knife_5.jpeg,Knife
335,train1\Knife\Knife_51.jpeg,Knife
336,train1\Knife\Knife_52.jpeg,Knife
337,train1\Knife\Knife_53.jpeg,Knife
338,train1\Knife\Knife_56.png,Knife
339,train1\Knife\Knife_57.jpeg,Knife
340,train1\Knife\Knife_58.jpeg,Knife
341,train1\Knife\Knife_59.jpeg,Knife
342,train1\Knife\Knife_6.jpeg,Knife
343,train1\Knife\Knife_60.jpeg,Knife
344,train1\Knife\Knife_61.jpeg,Knife
345,train1\Knife\Knife_65.jpeg,Knife
346,train1\Knife\Knife_66.jpeg,Knife
347,train1\Knife\Knife_67.jpeg,Knife
348,train1\Knife\Knife_68.jpeg,Knife
349,train1\Knife\Knife_69.jpeg,Knife
350,train1\Knife\Knife_7.jpeg,Knife
351,train1\Knife\Knife_70.jpeg,Knife
352,train1\Knife\Knife_71.jpeg,Knife
353,train1\Knife\Knife_72.jpeg,Knife
354,train1\Knife\Knife_73.jpeg,Knife
355,train1\Knife\Knife_74.jpeg,Knife
356,train1\Knife\Knife_75.jpeg,Knife
357,train1\Knife\Knife_76.jpeg,Knife
358,train1\Knife\Knife_77.jpeg,Knife
359,train1\Knife\Knife_78.jpeg,Knife
360,train1\Knife\Knife_8.jpeg,Knife
361,train1\Knife\Knife_83.jpeg,Knife
362,train1\Knife\Knife_84.jpeg,Knife
363,train1\Knife\Knife_85.jpeg,Knife
364,train1\Knife\Knife_88.jpeg,Knife
365,train1\Knife\Knife_89.jpeg,Knife
366,train1\Knife\Knife_9.jpeg,Knife
367,train1\Knife\Knife_90.jpeg,Knife
368,train1\Knife\Knife_92.png,Knife
369,train1\Knife\Knife_93.jpeg,Knife
370,train1\Knife\Knife_95.jpeg,Knife
371,train1\Shotgun\Shotgun_10.png,Shotgun
372,train1\Shotgun\Shotgun_100.jpeg,Shotgun
373,train1\Shotgun\Shotgun_11.jpeg,Shotgun
374,train1\Shotgun\Shotgun_12.jpeg,Shotgun
375,train1\Shotgun\Shotgun_13.jpeg,Shotgun
376,train1\Shotgun\Shotgun_14.jpeg,Shotgun
377,train1\Shotgun\Shotgun_15.jpeg,Shotgun
378,train1\Shotgun\Shotgun_16.jpeg,Shotgun
379,train1\Shotgun\Shotgun_17.jpeg,Shotgun
380,train1\Shotgun\Shotgun_18.png,Shotgun
381,train1\Shotgun\Shotgun_21.jpeg,Shotgun
382,train1\Shotgun\Shotgun_22.png,Shotgun
383,train1\Shotgun\Shotgun_23.jpeg,Shotgun
384,train1\Shotgun\Shotgun_25.jpeg,Shotgun
385,train1\Shotgun\Shotgun_27.jpeg,Shotgun
386,train1\Shotgun\Shotgun_28.jpeg,Shotgun
387,train1\Shotgun\Shotgun_29.jpeg,Shotgun
388,train1\Shotgun\Shotgun_3.jpeg,Shotgun
389,train1\Shotgun\Shotgun_31.jpeg,Shotgun
390,train1\Shotgun\Shotgun_32.png,Shotgun
391,train1\Shotgun\Shotgun_33.jpeg,Shotgun
392,train1\Shotgun\Shotgun_35.jpeg,Shotgun
393,train1\Shotgun\Shotgun_36.jpeg,Shotgun
394,train1\Shotgun\Shotgun_37.jpeg,Shotgun
395,train1\Shotgun\Shotgun_39.jpeg,Shotgun
396,train1\Shotgun\Shotgun_4.jpeg,Shotgun
397,train1\Shotgun\Shotgun_41.jpeg,Shotgun
398,train1\Shotgun\Shotgun_42.png,Shotgun
399,train1\Shotgun\Shotgun_43.jpeg,Shotgun
400,train1\Shotgun\Shotgun_44.jpeg,Shotgun
401,train1\Shotgun\Shotgun_46.jpeg,Shotgun
402,train1\Shotgun\Shotgun_47.jpeg,Shotgun
403,train1\Shotgun\Shotgun_48.jpeg,Shotgun
404,train1\Shotgun\Shotgun_49.jpeg,Shotgun
405,train1\Shotgun\Shotgun_5.jpeg,Shotgun
406,train1\Shotgun\Shotgun_50.jpeg,Shotgun
407,train1\Shotgun\Shotgun_51.jpeg,Shotgun
408,train1\Shotgun\Shotgun_52.jpeg,Shotgun
409,train1\Shotgun\Shotgun_53.jpeg,Shotgun
410,train1\Shotgun\Shotgun_54.jpeg,Shotgun
411,train1\Shotgun\Shotgun_55.jpeg,Shotgun
412,train1\Shotgun\Shotgun_56.jpeg,Shotgun
413,train1\Shotgun\Shotgun_57.jpeg,Shotgun
414,train1\Shotgun\Shotgun_58.jpeg,Shotgun
415,train1\Shotgun\Shotgun_59.jpeg,Shotgun
416,train1\Shotgun\Shotgun_6.png,Shotgun
417,train1\Shotgun\Shotgun_60.jpeg,Shotgun
418,train1\Shotgun\Shotgun_64.jpeg,Shotgun
419,train1\Shotgun\Shotgun_65.jpeg,Shotgun
420,train1\Shotgun\Shotgun_66.jpeg,Shotgun
421,train1\Shotgun\Shotgun_67.png,Shotgun
422,train1\Shotgun\Shotgun_68.jpeg,Shotgun
423,train1\Shotgun\Shotgun_69.jpeg,Shotgun
424,train1\Shotgun\Shotgun_7.jpeg,Shotgun
425,train1\Shotgun\Shotgun_70.jpeg,Shotgun
426,train1\Shotgun\Shotgun_72.jpeg,Shotgun
427,train1\Shotgun\Shotgun_73.png,Shotgun
428,train1\Shotgun\Shotgun_74.jpeg,Shotgun
429,train1\Shotgun\Shotgun_76.jpeg,Shotgun
430,train1\Shotgun\Shotgun_77.jpeg,Shotgun
431,train1\Shotgun\Shotgun_78.jpeg,Shotgun
432,train1\Shotgun\Shotgun_79.jpeg,Shotgun
433,train1\Shotgun\Shotgun_80.jpeg,Shotgun
434,train1\Shotgun\Shotgun_81.jpeg,Shotgun
435,train1\Shotgun\Shotgun_82.png,Shotgun
436,train1\Shotgun\Shotgun_84.jpeg,Shotgun
437,train1\Shotgun\Shotgun_85.png,Shotgun
438,train1\Shotgun\Shotgun_86.jpeg,Shotgun
439,train1\Shotgun\Shotgun_87.jpeg,Shotgun
440,train1\Shotgun\Shotgun_89.jpeg,Shotgun
441,train1\Shotgun\Shotgun_9.jpeg,Shotgun
442,train1\Shotgun\Shotgun_90.jpeg,Shotgun
443,train1\Shotgun\Shotgun_91.jpeg,Shotgun
444,train1\Shotgun\Shotgun_92.jpeg,Shotgun
445,train1\Shotgun\Shotgun_93.jpeg,Shotgun
446,train1\Shotgun\Shotgun_94.jpeg,Shotgun
447,train1\Shotgun\Shotgun_96.jpeg,Shotgun
448,train1\Shotgun\Shotgun_98.jpeg,Shotgun
449,train1\SMG\SMG_10.jpeg,SMG
450,train1\SMG\SMG_100.png,SMG
451,train1\SMG\SMG_11.jpeg,SMG
452,train1\SMG\SMG_12.jpeg,SMG
453,train1\SMG\SMG_13.jpeg,SMG
454,train1\SMG\SMG_14.jpeg,SMG
455,train1\SMG\SMG_15.jpeg,SMG
456,train1\SMG\SMG_16.jpeg,SMG
457,train1\SMG\SMG_17.jpeg,SMG
458,train1\SMG\SMG_18.png,SMG
459,train1\SMG\SMG_19.jpeg,SMG
460,train1\SMG\SMG_20.jpeg,SMG
461,train1\SMG\SMG_21.jpeg,SMG
462,train1\SMG\SMG_22.jpeg,SMG
463,train1\SMG\SMG_23.jpeg,SMG
464,train1\SMG\SMG_24.jpeg,SMG
465,train1\SMG\SMG_25.png,SMG
466,train1\SMG\SMG_26.jpeg,SMG
467,train1\SMG\SMG_27.jpeg,SMG
468,train1\SMG\SMG_28.jpeg,SMG
469,train1\SMG\SMG_29.png,SMG
470,train1\SMG\SMG_3.jpeg,SMG
471,train1\SMG\SMG_30.jpeg,SMG
472,train1\SMG\SMG_31.jpeg,SMG
473,train1\SMG\SMG_32.jpeg,SMG
474,train1\SMG\SMG_33.jpeg,SMG
475,train1\SMG\SMG_34.jpeg,SMG
476,train1\SMG\SMG_35.png,SMG
477,train1\SMG\SMG_36.jpeg,SMG
478,train1\SMG\SMG_37.jpeg,SMG
479,train1\SMG\SMG_38.jpeg,SMG
480,train1\SMG\SMG_39.jpeg,SMG
481,train1\SMG\SMG_4.jpeg,SMG
482,train1\SMG\SMG_40.jpeg,SMG
483,train1\SMG\SMG_41.jpeg,SMG
484,train1\SMG\SMG_43.jpeg,SMG
485,train1\SMG\SMG_44.jpeg,SMG
486,train1\SMG\SMG_45.png,SMG
487,train1\SMG\SMG_46.jpeg,SMG
488,train1\SMG\SMG_48.jpeg,SMG
489,train1\SMG\SMG_49.jpeg,SMG
490,train1\SMG\SMG_5.png,SMG
491,train1\SMG\SMG_50.jpeg,SMG
492,train1\SMG\SMG_51.jpeg,SMG
493,train1\SMG\SMG_52.png,SMG
494,train1\SMG\SMG_53.jpeg,SMG
495,train1\SMG\SMG_54.jpeg,SMG
496,train1\SMG\SMG_55.jpeg,SMG
497,train1\SMG\SMG_56.png,SMG
498,train1\SMG\SMG_57.jpeg,SMG
499,train1\SMG\SMG_58.png,SMG
500,train1\SMG\SMG_59.jpeg,SMG
501,train1\SMG\SMG_6.jpeg,SMG
502,train1\SMG\SMG_60.jpeg,SMG
503,train1\SMG\SMG_64.jpeg,SMG
504,train1\SMG\SMG_65.jpeg,SMG
505,train1\SMG\SMG_66.jpeg,SMG
506,train1\SMG\SMG_67.png,SMG
507,train1\SMG\SMG_68.jpeg,SMG
508,train1\SMG\SMG_7.jpeg,SMG
509,train1\SMG\SMG_70.jpeg,SMG
510,train1\SMG\SMG_73.jpeg,SMG
511,train1\SMG\SMG_75.jpeg,SMG
512,train1\SMG\SMG_76.jpeg,SMG
513,train1\SMG\SMG_77.jpeg,SMG
514,train1\SMG\SMG_78.jpeg,SMG
515,train1\SMG\SMG_79.jpeg,SMG
516,train1\SMG\SMG_8.jpeg,SMG
517,train1\SMG\SMG_80.jpeg,SMG
518,train1\SMG\SMG_81.jpeg,SMG
519,train1\SMG\SMG_82.jpeg,SMG
520,train1\SMG\SMG_83.jpeg,SMG
521,train1\SMG\SMG_84.jpeg,SMG
522,train1\SMG\SMG_86.jpeg,SMG
523,train1\SMG\SMG_87.jpeg,SMG
524,train1\SMG\SMG_88.jpeg,SMG
525,train1\SMG\SMG_89.jpeg,SMG
526,train1\SMG\SMG_9.jpeg,SMG
527,train1\SMG\SMG_90.png,SMG
528,train1\SMG\SMG_91.jpeg,SMG
529,train1\SMG\SMG_92.jpeg,SMG
530,train1\SMG\SMG_93.jpeg,SMG
531,train1\SMG\SMG_94.png,SMG
532,train1\SMG\SMG_95.jpeg,SMG
533,train1\SMG\SMG_96.jpeg,SMG
534,train1\SMG\SMG_97.jpeg,SMG
535,train1\SMG\SMG_99.jpeg,SMG
536,train1\Sniper\Sniper_10.jpeg,Sniper
537,train1\Sniper\Sniper_100.jpeg,Sniper
538,train1\Sniper\Sniper_11.jpeg,Sniper
539,train1\Sniper\Sniper_12.jpeg,Sniper
540,train1\Sniper\Sniper_13.jpeg,Sniper
541,train1\Sniper\Sniper_14.jpeg,Sniper
542,train1\Sniper\Sniper_15.jpeg,Sniper
543,train1\Sniper\Sniper_16.jpeg,Sniper
544,train1\Sniper\Sniper_17.jpeg,Sniper
545,train1\Sniper\Sniper_18.jpeg,Sniper
546,train1\Sniper\Sniper_19.jpeg,Sniper
547,train1\Sniper\Sniper_20.jpeg,Sniper
548,train1\Sniper\Sniper_21.jpeg,Sniper
549,train1\Sniper\Sniper_22.jpeg,Sniper
550,train1\Sniper\Sniper_23.jpeg,Sniper
551,train1\Sniper\Sniper_24.jpeg,Sniper
552,train1\Sniper\Sniper_25.jpeg,Sniper
553,train1\Sniper\Sniper_26.jpeg,Sniper
554,train1\Sniper\Sniper_27.jpeg,Sniper
555,train1\Sniper\Sniper_28.jpeg,Sniper
556,train1\Sniper\Sniper_29.jpeg,Sniper
557,train1\Sniper\Sniper_3.jpeg,Sniper
558,train1\Sniper\Sniper_30.jpeg,Sniper
559,train1\Sniper\Sniper_31.jpeg,Sniper
560,train1\Sniper\Sniper_32.jpeg,Sniper
561,train1\Sniper\Sniper_33.jpeg,Sniper
562,train1\Sniper\Sniper_35.jpeg,Sniper
563,train1\Sniper\Sniper_36.jpeg,Sniper
564,train1\Sniper\Sniper_37.jpeg,Sniper
565,train1\Sniper\Sniper_38.jpeg,Sniper
566,train1\Sniper\Sniper_39.jpeg,Sniper
567,train1\Sniper\Sniper_4.jpeg,Sniper
568,train1\Sniper\Sniper_40.jpeg,Sniper
569,train1\Sniper\Sniper_42.jpeg,Sniper
570,train1\Sniper\Sniper_44.jpeg,Sniper
571,train1\Sniper\Sniper_45.jpeg,Sniper
572,train1\Sniper\Sniper_46.jpeg,Sniper
573,train1\Sniper\Sniper_47.png,Sniper
574,train1\Sniper\Sniper_48.png,Sniper
575,train1\Sniper\Sniper_49.jpeg,Sniper
576,train1\Sniper\Sniper_5.jpeg,Sniper
577,train1\Sniper\Sniper_50.jpeg,Sniper
578,train1\Sniper\Sniper_52.jpeg,Sniper
579,train1\Sniper\Sniper_53.jpeg,Sniper
580,train1\Sniper\Sniper_54.jpeg,Sniper
581,train1\Sniper\Sniper_55.jpeg,Sniper
582,train1\Sniper\Sniper_59.jpeg,Sniper
583,train1\Sniper\Sniper_6.jpeg,Sniper
584,train1\Sniper\Sniper_60.jpeg,Sniper
585,train1\Sniper\Sniper_61.jpeg,Sniper
586,train1\Sniper\Sniper_62.jpeg,Sniper
587,train1\Sniper\Sniper_63.jpeg,Sniper
588,train1\Sniper\Sniper_64.jpeg,Sniper
589,train1\Sniper\Sniper_65.jpeg,Sniper
590,train1\Sniper\Sniper_66.jpeg,Sniper
591,train1\Sniper\Sniper_67.jpeg,Sniper
592,train1\Sniper\Sniper_68.jpeg,Sniper
593,train1\Sniper\Sniper_69.jpeg,Sniper
594,train1\Sniper\Sniper_7.jpeg,Sniper
595,train1\Sniper\Sniper_70.jpeg,Sniper
596,train1\Sniper\Sniper_72.jpeg,Sniper
597,train1\Sniper\Sniper_73.jpeg,Sniper
598,train1\Sniper\Sniper_74.jpeg,Sniper
599,train1\Sniper\Sniper_75.jpeg,Sniper
600,train1\Sniper\Sniper_76.jpeg,Sniper
601,train1\Sniper\Sniper_77.jpeg,Sniper
602,train1\Sniper\Sniper_78.jpeg,Sniper
603,train1\Sniper\Sniper_79.jpeg,Sniper
604,train1\Sniper\Sniper_8.jpeg,Sniper
605,train1\Sniper\Sniper_80.jpeg,Sniper
606,train1\Sniper\Sniper_81.jpeg,Sniper
607,train1\Sniper\Sniper_82.jpeg,Sniper
608,train1\Sniper\Sniper_83.jpeg,Sniper
609,train1\Sniper\Sniper_84.jpeg,Sniper
610,train1\Sniper\Sniper_85.jpeg,Sniper
611,train1\Sniper\Sniper_86.jpeg,Sniper
612,train1\Sniper\Sniper_87.jpeg,Sniper
613,train1\Sniper\Sniper_88.png,Sniper
614,train1\Sniper\Sniper_89.jpeg,Sniper
615,train1\Sniper\Sniper_9.jpeg,Sniper
616,train1\Sniper\Sniper_90.jpeg,Sniper
617,train1\Sniper\Sniper_91.jpeg,Sniper
618,train1\Sniper\Sniper_92.jpeg,Sniper
619,train1\Sniper\Sniper_93.jpeg,Sniper
620,train1\Sniper\Sniper_95.jpeg,Sniper
621,train1\Sniper\Sniper_96.jpeg,Sniper
622,train1\Sniper\Sniper_97.jpeg,Sniper
623,train1\Sniper\Sniper_98.jpeg,Sniper
624,train1\Sniper\Sniper_99.jpeg,Sniper
625,train1\Sword\Sword_10.jpeg,Sword
626,train1\Sword\Sword_100.jpeg,Sword
627,train1\Sword\Sword_11.jpeg,Sword
628,train1\Sword\Sword_12.jpeg,Sword
629,train1\Sword\Sword_13.jpeg,Sword
630,train1\Sword\Sword_14.jpeg,Sword
631,train1\Sword\Sword_15.jpeg,Sword
632,train1\Sword\Sword_16.jpeg,Sword
633,train1\Sword\Sword_17.jpeg,Sword
634,train1\Sword\Sword_18.jpeg,Sword
635,train1\Sword\Sword_19.jpeg,Sword
636,train1\Sword\Sword_20.jpeg,Sword
637,train1\Sword\Sword_21.png,Sword
638,train1\Sword\Sword_22.jpeg,Sword
639,train1\Sword\Sword_23.jpeg,Sword
640,train1\Sword\Sword_24.jpeg,Sword
641,train1\Sword\Sword_25.jpeg,Sword
642,train1\Sword\Sword_26.jpeg,Sword
643,train1\Sword\Sword_27.jpeg,Sword
644,train1\Sword\Sword_28.jpeg,Sword
645,train1\Sword\Sword_29.jpeg,Sword
646,train1\Sword\Sword_3.jpeg,Sword
647,train1\Sword\Sword_30.jpeg,Sword
648,train1\Sword\Sword_31.jpeg,Sword
649,train1\Sword\Sword_32.png,Sword
650,train1\Sword\Sword_33.jpeg,Sword
651,train1\Sword\Sword_34.jpeg,Sword
652,train1\Sword\Sword_35.png,Sword
653,train1\Sword\Sword_36.jpeg,Sword
654,train1\Sword\Sword_37.jpeg,Sword
655,train1\Sword\Sword_38.jpeg,Sword
656,train1\Sword\Sword_39.jpeg,Sword
657,train1\Sword\Sword_4.jpeg,Sword
658,train1\Sword\Sword_40.jpeg,Sword
659,train1\Sword\Sword_41.jpeg,Sword
660,train1\Sword\Sword_42.jpeg,Sword
661,train1\Sword\Sword_43.jpeg,Sword
662,train1\Sword\Sword_44.jpeg,Sword
663,train1\Sword\Sword_45.jpeg,Sword
664,train1\Sword\Sword_46.jpeg,Sword
665,train1\Sword\Sword_48.jpeg,Sword
666,train1\Sword\Sword_5.png,Sword
667,train1\Sword\Sword_50.jpeg,Sword
668,train1\Sword\Sword_51.jpeg,Sword
669,train1\Sword\Sword_53.jpeg,Sword
670,train1\Sword\Sword_54.jpeg,Sword
671,train1\Sword\Sword_55.jpeg,Sword
672,train1\Sword\Sword_56.jpeg,Sword
673,train1\Sword\Sword_58.jpeg,Sword
674,train1\Sword\Sword_59.png,Sword
675,train1\Sword\Sword_6.jpeg,Sword
676,train1\Sword\Sword_60.jpeg,Sword
677,train1\Sword\Sword_62.jpeg,Sword
678,train1\Sword\Sword_63.jpeg,Sword
679,train1\Sword\Sword_64.jpeg,Sword
680,train1\Sword\Sword_65.jpeg,Sword
681,train1\Sword\Sword_66.jpeg,Sword
682,train1\Sword\Sword_67.jpeg,Sword
683,train1\Sword\Sword_68.jpeg,Sword
684,train1\Sword\Sword_69.jpeg,Sword
685,train1\Sword\Sword_7.jpeg,Sword
686,train1\Sword\Sword_74.jpeg,Sword
687,train1\Sword\Sword_75.png,Sword
688,train1\Sword\Sword_76.jpeg,Sword
689,train1\Sword\Sword_77.jpeg,Sword
690,train1\Sword\Sword_78.jpeg,Sword
691,train1\Sword\Sword_79.jpeg,Sword
692,train1\Sword\Sword_8.jpeg,Sword
693,train1\Sword\Sword_80.jpeg,Sword
694,train1\Sword\Sword_81.jpeg,Sword
695,train1\Sword\Sword_82.jpeg,Sword
696,train1\Sword\Sword_83.jpeg,Sword
697,train1\Sword\Sword_84.jpeg,Sword
698,train1\Sword\Sword_85.jpeg,Sword
699,train1\Sword\Sword_86.jpeg,Sword
700,train1\Sword\Sword_87.jpeg,Sword
701,train1\Sword\Sword_88.jpeg,Sword
702,train1\Sword\Sword_89.jpeg,Sword
703,train1\Sword\Sword_9.jpeg,Sword
704,train1\Sword\Sword_90.jpeg,Sword
705,train1\Sword\Sword_91.png,Sword
706,train1\Sword\Sword_92.jpeg,Sword
707,train1\Sword\Sword_93.jpeg,Sword
708,train1\Sword\Sword_94.jpeg,Sword
709,train1\Sword\Sword_95.jpeg,Sword
710,train1\Sword\Sword_96.jpeg,Sword
711,train1\Sword\Sword_97.jpeg,Sword
712,train1\Sword\Sword_98.jpeg,Sword
713,train1\Sword\Sword_99.jpeg,Sword
